{
  "train_loss": [
    0.6936626558179979,
    0.49007207039114714,
    0.4810722779918027,
    0.4762406449813347,
    0.47246210412545636,
    0.46959165357924126,
    0.46688191108889393,
    0.4631012871667936,
    0.4596460918327431,
    0.4557426506048673,
    0.45264505449827613,
    0.44915526834401215,
    0.44522147867586703,
    0.44176518568744905,
    0.43875841119072656,
    0.4353208716039534,
    0.4327034621269672,
    0.4298527589092007,
    0.42702355322899754,
    0.42450392788106744,
    0.4214823396949025,
    0.4189166794349621
  ],
  "val_loss": [],
  "val_rmse_mean": [
    0.7770535945892334,
    0.6954516172409058,
    0.6907576322555542,
    0.6883626580238342,
    0.684197723865509,
    0.6875088214874268,
    0.6807247400283813,
    0.6820268630981445,
    0.6824055910110474,
    0.6866305470466614,
    0.6937608122825623,
    0.7034332156181335,
    0.7230350375175476,
    0.7132887244224548,
    0.7149629592895508,
    0.704328179359436,
    0.7234503626823425,
    0.7256491184234619,
    0.7299404144287109,
    0.7152736783027649,
    0.7246691584587097,
    0.7415629029273987
  ]
}