{
  "train_loss": [
    0.670363208690247,
    0.48771761918996837,
    0.48154184067404115,
    0.4767770531115594,
    0.47285612527426185,
    0.4691841130132799,
    0.4655122006094301,
    0.46074329877828624,
    0.4571390902841246,
    0.4538778082116858,
    0.45135552155507075,
    0.44882952470284004,
    0.4463621900453196,
    0.4434032556298491,
    0.4404512369013452,
    0.43803878147880754,
    0.43490748784758826,
    0.4325845524088129,
    0.4296858012676239,
    0.42808573741417427,
    0.4253609346878993,
    0.42337527058341284,
    0.4212755150609202,
    0.4197439384924901,
    0.418005009363224
  ],
  "val_loss": [],
  "val_rmse_mean": [
    0.7484861016273499,
    0.7012834548950195,
    0.6959869265556335,
    0.6892997622489929,
    0.6803584694862366,
    0.6880568861961365,
    0.6695550084114075,
    0.6736579537391663,
    0.665237307548523,
    0.6636723875999451,
    0.6709116697311401,
    0.6655104756355286,
    0.6727083325386047,
    0.6815581917762756,
    0.692375898361206,
    0.6829622983932495,
    0.6959444284439087,
    0.7119973301887512,
    0.7192436456680298,
    0.7185674905776978,
    0.7248789668083191,
    0.7104248404502869,
    0.7271223664283752,
    0.7319292426109314,
    0.7419849634170532
  ]
}