{
  "train_loss": [
    0.6718793612021905,
    0.4872718952692948,
    0.481736180844245,
    0.47754628472513966,
    0.47415407447071817,
    0.4715171235722381,
    0.46949851745134824,
    0.4657438939267939,
    0.4616726029228854,
    0.4577879762494719,
    0.4542811040754442,
    0.45176317165424296,
    0.4489486360704744,
    0.4464347610225925,
    0.443698229727807,
    0.4414039768955924,
    0.43829600803263774,
    0.4355637663370603,
    0.4323658916083249,
    0.4304991906339472,
    0.4276512698693709,
    0.42549173321042744,
    0.42319271123254454,
    0.4216016000741488,
    0.41939771988175134
  ],
  "val_loss": [],
  "val_rmse_mean": [
    0.7435309290885925,
    0.6996229290962219,
    0.6951594948768616,
    0.6891538500785828,
    0.6823883652687073,
    0.6880313754081726,
    0.6778282523155212,
    0.6759703159332275,
    0.6718683838844299,
    0.6668028235435486,
    0.6691416501998901,
    0.6671289801597595,
    0.6687290668487549,
    0.6723109483718872,
    0.6725412011146545,
    0.6734793186187744,
    0.6984893083572388,
    0.6987661123275757,
    0.7056176066398621,
    0.7189001441001892,
    0.7130711078643799,
    0.7111502289772034,
    0.710516095161438,
    0.715128481388092,
    0.7320563793182373
  ]
}