{
  "train_loss": [
    0.65608259687176,
    0.48211108864127816,
    0.478490003904739,
    0.47591310391178376,
    0.4731049286080645,
    0.4698816127591319,
    0.46606099063699896,
    0.4606844484806061,
    0.45810540736495675,
    0.45538785434388496,
    0.45246041246822905,
    0.4494340593938704,
    0.44419649436876374,
    0.44011904821767434,
    0.4329802839012889,
    0.4288250347236534,
    0.4257890953646078,
    0.4221374059652353,
    0.41722042994065717,
    0.41672317703048906,
    0.41337556575799916,
    0.4111543410010152,
    0.41066237084277263,
    0.40835973465597475
  ],
  "val_loss": [],
  "val_rmse_mean": [
    0.7165178656578064,
    0.6923786401748657,
    0.6937047243118286,
    0.6908738017082214,
    0.6827749013900757,
    0.6855971813201904,
    0.6741798520088196,
    0.6769517064094543,
    0.66971355676651,
    0.6862323880195618,
    0.6837399005889893,
    0.684208869934082,
    0.6971775889396667,
    0.7135879993438721,
    0.6947863698005676,
    0.7044388055801392,
    0.7357069253921509,
    0.7581188678741455,
    0.7602666616439819,
    0.7684029936790466,
    0.7977265119552612,
    0.7544347643852234,
    0.7427948713302612,
    0.7596775889396667
  ]
}